crop_name,ph,moisture,n,p,k,temperature,rainfall,humidity,latitude,longitude,season,year,yield_achieved,soil_type
Maize,5.66,87.46,185.46,33.46,86.24,29.26,616.17,50.37,21.736114,76.774507,zaid,2021,3997.06,sandy
Chilli,6.53,78.26,133.98,41.32,108.69,29.12,593.67,69.68,12.853676,77.77042,rabi,2022,15982.14,chalky
Pigeon Pea,6.44,52.5,22.06,24.75,37.71,29.13,816.9,61.22,13.029751,77.924974,kharif,2023,1346.9,loamy
Wheat,7.19,61.3,173.25,34.25,60.95,15.73,668.3,74.76,23.978887,86.708559,rabi,2020,3867.88,silt
Cotton,6.93,84.45,90.15,28.01,51.76,23.45,649.1,75.07,24.191942,86.285886,kharif,2022,534.61,clay
Potato,4.97,82.61,116.54,73.87,174.98,19.04,599.06,55.8,21.531387,75.624748,zaid,2020,23090.13,chalky
Rice,6.09,68.81,126.01,22.95,40.31,24.23,1221.8,55.13,24.229467,85.426002,kharif,2020,3285.08,peat
Groundnut,6.02,53.99,21.71,28.38,40.43,31.36,646.53,73.48,10.253007,79.570046,rabi,2021,1936.22,silt
Wheat,7.94,30.82,72.42,23.59,39.43,26.71,347.53,59.0,23.509159,75.260721,kharif,2022,2949.1,clay
Tomato,6.4,88.11,167.08,56.3,175.64,20.45,501.13,50.97,24.001018,81.510984,rabi,2022,33185.49,silt
Wheat,6.8,75.2,161.38,40.19,56.31,22.96,618.77,73.8,23.704126,87.024554,rabi,2020,3358.29,sandy
Maize,5.98,61.5,169.36,25.47,77.5,19.78,796.15,70.44,21.021461,75.576218,kharif,2020,4723.61,sandy
Maize,7.17,41.65,127.19,18.55,44.74,15.02,440.1,69.98,22.939358,72.412167,kharif,2022,2318.43,silt
Pigeon Pea,7.08,51.08,28.81,26.41,35.71,31.4,662.03,70.86,23.424613,81.399319,kharif,2023,1269.43,sandy
Onion,6.26,92.53,137.28,44.67,103.79,13.11,407.33,67.9,14.448789,77.207928,rabi,2021,20592.31,sandy
Sugarcane,6.01,99.6,211.04,44.79,111.06,24.59,1276.45,66.37,19.315594,73.221015,rabi,2023,83481.18,silt
Rice,7.07,53.05,65.4,15.92,26.68,17.84,841.8,40.13,24.751766,75.890268,year_round,2020,1918.49,peat
Sugarcane,7.69,57.47,143.6,23.58,67.76,35.79,1042.57,46.58,24.958179,76.871066,zaid,2020,41799.89,peat
Cotton,5.98,54.71,80.63,24.18,52.14,24.74,657.61,65.9,22.651895,74.297714,kharif,2022,554.35,peat
Wheat,6.23,67.3,145.27,31.03,62.77,22.67,664.95,63.38,11.98444,77.051697,rabi,2021,3544.27,peat
Rice,8.19,54.5,83.37,13.92,32.2,23.7,867.65,48.82,31.250772,74.795624,kharif,2021,1745.07,peat
Pigeon Pea,7.28,36.03,16.31,12.54,25.25,31.54,418.48,50.65,31.330606,78.70774,kharif,2021,609.13,sandy
Soybean,6.06,78.34,28.76,42.38,58.66,29.32,681.49,72.27,11.059795,78.128139,kharif,2020,2382.42,chalky
Pigeon Pea,7.5,89.89,26.11,27.86,35.01,29.23,809.1,58.83,12.134772,76.158284,kharif,2021,1427.4,clay
Onion,5.68,40.35,60.23,18.56,64.59,26.03,334.18,67.18,14.186406,79.75229,rabi,2022,16955.82,silt
Soybean,6.98,93.2,23.74,41.76,61.17,27.04,606.87,58.83,13.732299,79.710457,kharif,2021,2735.15,silt
Wheat,7.17,44.53,131.51,30.75,71.84,17.47,673.83,62.28,10.2836,76.117905,rabi,2020,3337.17,clay
Maize,6.87,71.36,164.46,29.87,88.21,24.66,624.1,73.7,21.519472,81.68935,kharif,2021,3634.36,silt
Pigeon Pea,8.37,36.51,10.85,17.85,23.77,16.2,450.89,57.94,11.115575,78.420963,kharif,2021,640.62,silt
Chilli,6.52,63.93,116.76,30.02,115.4,23.93,426.37,65.23,31.21502,76.71205,rabi,2022,15835.91,silt
Pigeon Pea,6.08,66.42,28.3,29.06,31.68,33.98,643.56,58.76,21.405012,86.856335,kharif,2021,1133.03,loamy
Cotton,6.64,92.62,87.08,26.34,59.1,31.59,652.63,60.93,22.892561,88.916107,kharif,2020,471.77,peat
Wheat,5.0,37.79,73.66,19.36,34.29,13.45,353.62,59.18,20.178796,75.378837,rabi,2022,2262.52,loamy
Potato,5.04,95.11,137.65,60.61,212.8,18.0,705.86,54.63,14.615719,77.077428,rabi,2020,29918.06,chalky
Cotton,7.02,65.49,94.71,24.16,70.8,34.2,544.91,69.88,28.287501,77.476691,kharif,2022,585.33,sandy
Groundnut,5.32,30.26,11.13,17.56,34.93,30.36,304.2,67.27,11.7125,76.307398,rabi,2022,1275.06,clay
Maize,5.97,98.96,183.85,29.8,72.97,19.06,876.67,64.41,31.320732,76.162778,zaid,2021,4116.51,sandy
Soybean,8.07,41.4,14.17,21.25,26.47,31.45,530.42,34.27,30.868748,78.470481,kharif,2020,2041.85,loamy
Chilli,6.47,53.77,120.99,43.35,121.87,29.47,584.11,70.53,20.890541,75.582974,kharif,2023,14346.77,sandy
Potato,6.97,43.8,77.27,35.82,132.64,24.76,319.25,45.27,28.014864,75.563587,zaid,2020,17209.25,loamy
Onion,7.6,37.74,56.77,21.13,53.33,23.86,315.75,33.99,21.501227,86.031459,kharif,2021,10951.64,silt
Rice,5.71,84.7,111.66,27.34,40.62,31.41,1240.36,77.95,23.658249,85.982413,kharif,2021,2926.29,silt
Soybean,6.08,78.19,29.85,38.82,56.41,20.77,839.97,77.76,10.236904,79.628963,kharif,2021,2905.02,silt
Pigeon Pea,5.16,37.08,14.39,13.08,22.78,25.42,416.59,45.54,12.492209,77.977257,kharif,2022,847.15,peat
Rice,4.77,49.69,51.02,10.51,23.54,28.65,610.28,36.81,24.259598,87.668627,kharif,2023,1651.03,peat
Cotton,6.98,82.07,92.59,20.52,73.72,33.28,669.01,60.71,19.444036,75.508634,kharif,2022,509.29,sandy
Groundnut,7.19,63.85,22.8,28.37,52.88,26.35,731.5,56.53,30.829177,79.534698,kharif,2020,2227.9,loamy
Maize,4.48,43.07,97.06,18.41,42.09,34.4,370.03,52.96,20.471163,78.923775,zaid,2021,2464.9,peat
Wheat,6.02,54.22,170.46,37.7,53.48,19.48,547.22,58.06,31.330436,76.411038,rabi,2022,3902.82,silt
Groundnut,7.26,77.49,24.75,27.18,46.74,27.48,591.78,76.45,22.921539,76.360584,rabi,2023,2316.63,silt
Sugarcane,6.28,84.53,279.22,48.32,104.67,21.36,1277.36,57.19,20.220348,72.693557,kharif,2021,65066.1,silt
Sugarcane,7.46,55.86,100.3,28.51,54.29,29.73,819.25,37.01,23.680747,72.401762,zaid,2023,38811.96,sandy
Maize,7.91,40.36,133.29,17.16,37.33,19.71,406.17,53.75,21.968292,72.128251,rabi,2023,2116.48,sandy
Pigeon Pea,6.25,29.04,14.09,11.55,25.42,15.04,441.21,36.22,23.647929,89.98261,kharif,2023,725.5,chalky
Pigeon Pea,7.35,34.77,17.56,14.95,23.77,31.69,363.11,51.01,28.358538,78.098299,kharif,2020,1004.15,sandy
Onion,6.94,74.58,109.33,32.98,98.9,13.22,429.59,61.34,11.546243,79.54299,rabi,2022,19789.54,loamy
Sugarcane,7.1,99.12,226.92,48.97,144.16,26.37,1700.88,51.6,23.777062,78.420943,zaid,2020,81689.24,silt
Cotton,5.12,35.56,40.98,12.27,34.97,20.46,440.18,69.07,31.181148,77.784678,kharif,2020,352.82,chalky
Maize,6.61,98.75,222.64,30.69,84.89,28.48,668.14,50.24,12.656804,76.805001,kharif,2021,3941.61,clay
Cotton,5.97,38.77,58.21,15.92,40.67,28.3,393.14,62.78,14.508267,79.661892,kharif,2020,385.91,peat
Wheat,5.2,35.26,73.95,18.57,30.93,14.6,300.14,58.61,18.085662,74.405267,zaid,2021,2439.22,peat
Cotton,7.02,66.24,91.0,27.17,64.87,21.36,687.54,56.44,25.539253,89.025056,kharif,2023,484.51,peat
Tomato,6.74,72.26,141.38,51.64,125.97,23.01,446.34,66.26,20.88981,89.276681,rabi,2020,33076.29,clay
Soybean,6.79,82.34,28.08,36.96,54.52,29.93,786.78,51.07,28.54218,78.902482,kharif,2023,2802.0,silt
Soybean,4.52,43.42,15.4,24.04,29.92,15.86,510.81,36.78,25.248575,87.90631,kharif,2023,1708.98,chalky
Wheat,5.24,28.58,85.99,25.12,40.23,29.97,412.86,64.56,20.674298,86.738689,rabi,2020,2823.62,sandy
Pigeon Pea,7.46,59.54,29.47,23.59,32.11,20.46,606.23,61.87,23.632314,88.081538,kharif,2020,1141.31,silt
Pigeon Pea,6.14,45.07,22.04,20.31,37.7,27.04,879.88,71.59,21.345259,79.715637,kharif,2023,1402.09,sandy
Wheat,6.88,58.28,123.7,44.38,53.55,23.23,554.69,57.29,24.321937,78.70605,rabi,2021,3565.26,peat
Tomato,5.07,54.7,107.75,31.76,70.36,21.29,244.34,42.86,25.761237,86.380682,rabi,2020,17588.42,chalky
Tomato,6.17,86.26,142.4,48.35,138.04,27.19,480.12,55.77,11.199058,79.567472,rabi,2022,35740.57,clay
Rice,5.0,90.9,126.16,23.44,59.94,31.42,1477.62,76.63,24.564229,85.749314,kharif,2021,3214.65,silt
Chilli,6.51,76.11,109.08,44.46,128.94,20.09,497.14,75.13,20.107245,72.082286,rabi,2020,17896.17,chalky
Onion,6.52,60.05,132.72,37.91,89.16,23.89,452.79,58.43,18.83663,74.029091,rabi,2023,21990.19,peat
Chilli,5.06,46.52,60.77,18.41,54.96,18.46,308.75,53.37,24.011531,77.718084,rabi,2022,8839.36,sandy
Soybean,6.9,83.69,20.97,33.8,66.58,23.13,810.46,61.64,30.53792,77.546372,kharif,2023,2470.15,sandy
Tomato,6.88,84.63,125.12,48.89,170.97,20.92,484.15,71.2,12.848597,78.134968,kharif,2020,31071.91,peat
Sugarcane,6.68,86.0,280.12,55.43,145.98,21.5,1553.21,73.35,21.035944,75.086035,rabi,2021,75466.7,clay
Pigeon Pea,6.07,65.39,29.5,25.81,42.22,33.55,745.0,67.22,30.592348,79.178408,kharif,2023,1185.53,clay
Chilli,5.02,46.51,87.01,17.97,84.21,33.04,354.25,63.68,31.490449,75.80839,kharif,2023,8336.12,chalky
Potato,3.77,55.53,81.14,29.97,115.69,17.71,416.87,58.99,30.190523,76.967816,kharif,2023,15220.48,peat
Chilli,6.22,73.79,127.12,35.57,134.87,28.36,535.61,70.54,23.050051,75.15602,rabi,2020,14985.97,chalky
Pigeon Pea,6.72,40.08,21.97,26.8,33.32,34.01,691.8,55.9,10.004268,76.788824,kharif,2020,1147.82,clay
Onion,6.89,92.48,122.66,34.73,117.65,23.12,502.46,73.68,12.866115,79.935384,rabi,2021,19745.75,clay
Wheat,4.94,33.49,103.8,18.19,34.24,28.98,449.79,39.42,31.056977,77.237695,rabi,2022,1908.07,loamy
Rice,5.13,66.33,147.11,25.27,46.5,25.08,1010.26,60.91,25.231197,88.436872,kharif,2021,2800.42,sandy
Cotton,6.04,46.61,51.14,13.12,35.23,36.98,320.18,36.91,13.073855,79.611104,kharif,2021,418.4,clay
Sugarcane,6.14,76.73,211.94,55.66,117.51,25.29,1587.2,66.4,12.260143,76.407873,zaid,2023,64534.23,clay
Onion,6.91,65.6,123.23,36.36,113.99,22.81,424.45,55.48,19.483048,75.894993,kharif,2023,20382.91,sandy
Sugarcane,7.19,72.64,209.95,56.46,133.77,30.25,1548.31,67.84,24.224514,86.30058,kharif,2023,82780.0,chalky
Sugarcane,4.94,60.23,169.61,29.26,67.19,35.46,722.03,69.68,22.821494,89.360149,zaid,2021,40513.49,sandy
Soybean,6.89,92.29,22.46,30.96,63.43,24.07,834.92,75.09,21.559499,77.104344,kharif,2021,2745.87,chalky
Wheat,6.62,70.73,172.61,31.89,71.88,19.04,540.49,71.02,22.252264,86.207925,rabi,2020,3732.61,peat
Tomato,5.08,44.98,99.39,25.49,69.29,27.65,313.69,38.25,20.817045,76.752611,rabi,2022,20698.36,clay
Potato,5.47,76.93,138.94,68.42,201.77,24.23,518.23,74.1,29.296112,77.116578,zaid,2021,28369.91,sandy
Potato,4.28,51.08,58.71,27.73,108.08,24.11,402.03,41.69,20.405632,73.72327,rabi,2023,13002.56,sandy
Sugarcane,6.75,71.76,227.12,58.95,123.19,30.94,1397.31,69.6,23.424462,80.405068,kharif,2020,82488.18,peat
Rice,5.62,90.63,146.39,29.32,54.41,21.37,1256.94,56.95,18.518548,75.196952,kharif,2020,3508.75,peat
Chilli,6.32,67.43,121.22,32.18,141.56,24.0,578.81,64.9,25.738989,89.433632,kharif,2021,14262.6,loamy
Wheat,5.35,30.9,63.42,15.83,29.21,25.73,323.91,31.76,12.351245,79.817791,rabi,2022,1891.7,loamy
Wheat,7.28,29.32,83.21,21.01,31.43,17.53,400.84,61.3,21.203698,77.011312,rabi,2021,1948.32,sandy
Sugarcane,7.28,59.47,157.98,25.6,62.53,25.91,1073.1,44.25,19.869907,75.96238,kharif,2022,45905.22,silt
Soybean,6.63,59.69,29.15,30.54,56.09,25.02,728.91,71.87,10.064092,79.802582,kharif,2022,2847.51,silt
Tomato,6.29,81.97,134.06,50.65,126.85,18.01,464.77,56.6,10.464225,78.067202,kharif,2021,28921.03,clay
Wheat,6.16,88.26,126.73,34.37,65.35,23.99,655.94,50.17,18.598357,73.453298,rabi,2023,3676.42,peat
Chilli,6.68,86.8,148.9,42.45,132.95,29.36,591.95,79.07,29.538847,74.798919,kharif,2023,15234.97,chalky
Maize,5.53,78.46,211.89,26.78,69.29,20.95,749.14,74.28,18.307238,74.982012,kharif,2023,4206.4,clay
Potato,5.07,82.81,100.79,61.45,151.9,20.07,710.0,67.45,23.097386,88.498532,zaid,2023,23204.73,silt
Potato,5.31,83.92,132.29,74.64,166.04,22.8,584.75,61.39,22.425169,88.123664,rabi,2021,29169.29,loamy
Chilli,6.77,75.75,133.54,30.74,127.2,26.92,415.51,74.16,19.277105,72.322066,kharif,2021,16028.09,silt
Cotton,6.99,50.05,118.84,29.83,64.49,33.61,642.56,60.98,25.374793,86.373184,kharif,2020,490.96,loamy
Groundnut,7.91,32.74,10.14,17.95,28.7,38.87,323.38,37.57,29.449853,74.911436,rabi,2020,1228.55,peat
Pigeon Pea,7.42,89.91,22.9,24.54,40.41,26.32,867.73,53.54,31.30804,75.707779,kharif,2021,1240.58,peat
Pigeon Pea,6.98,91.04,27.91,23.55,44.31,24.42,602.26,58.9,25.339788,81.769848,kharif,2022,1105.36,silt
Onion,6.07,56.84,101.74,37.03,95.95,21.25,598.58,61.87,24.98921,87.317761,kharif,2023,22424.94,silt
Onion,8.32,43.45,59.78,16.15,54.1,11.86,301.59,47.02,30.135106,79.731717,kharif,2023,12097.84,silt
Tomato,6.37,93.84,139.1,52.42,129.86,26.12,495.3,75.58,30.476832,76.747456,rabi,2020,32104.48,sandy
Maize,6.57,66.35,170.51,26.52,76.68,23.31,794.08,64.82,30.1768,78.438778,zaid,2023,4447.12,chalky
Groundnut,7.68,30.69,14.92,14.4,32.55,31.34,343.65,53.47,23.291799,85.059691,rabi,2022,1350.85,sandy
Chilli,8.12,41.3,57.85,20.62,84.47,28.67,310.55,63.69,20.739408,79.831475,year_round,2023,11342.83,sandy
Maize,6.28,55.16,202.2,36.78,65.37,18.63,730.81,68.69,28.528846,78.283488,zaid,2020,4122.52,chalky
Rice,4.41,55.68,75.45,15.85,34.69,33.47,659.35,63.73,25.408915,76.892683,rabi,2022,2343.72,peat
Onion,8.0,44.55,50.54,17.46,61.85,26.48,275.06,67.24,23.580433,85.6137,rabi,2022,16741.8,clay
Soybean,6.85,50.87,26.45,30.67,63.55,27.79,698.49,64.16,10.232244,76.634166,kharif,2022,2548.47,loamy
Cotton,5.15,46.97,55.06,11.69,35.73,30.12,301.66,32.39,18.276271,73.412097,kharif,2022,419.63,peat
Maize,7.35,41.27,131.11,12.62,44.11,32.21,375.12,57.26,25.654007,80.761613,kharif,2022,2058.76,peat
Pigeon Pea,8.57,35.23,17.74,13.51,26.4,16.77,482.72,57.47,23.109985,79.532883,kharif,2021,770.81,silt
Potato,4.82,81.81,128.17,69.07,177.53,20.16,523.69,59.65,28.442823,78.871149,zaid,2022,28720.6,peat
Pigeon Pea,7.82,35.97,17.46,15.72,26.14,30.23,380.85,41.66,22.48517,75.481066,kharif,2021,762.62,clay
Chilli,7.75,39.81,80.75,25.53,54.15,30.52,291.8,43.29,23.998831,73.97197,kharif,2023,8594.6,chalky
Wheat,8.65,33.07,71.93,22.71,30.5,25.73,432.26,63.55,21.204166,73.516643,rabi,2020,2166.84,sandy
Pigeon Pea,5.54,29.38,15.16,14.0,22.58,15.97,384.64,41.43,20.735337,72.155248,year_round,2021,614.64,chalky
Cotton,6.24,52.8,103.38,24.21,74.23,29.28,714.58,64.42,23.733892,79.631725,kharif,2021,496.66,loamy
Cotton,7.74,58.05,80.39,26.78,61.93,25.49,556.24,76.33,21.75508,73.636575,kharif,2021,488.1,peat
Groundnut,5.44,28.32,10.42,15.94,22.76,26.28,429.85,36.03,22.181955,87.900859,year_round,2023,1135.11,sandy
Cotton,6.46,52.2,85.66,27.1,66.53,32.71,562.19,62.97,22.564537,81.52278,kharif,2020,492.89,sandy
Wheat,7.65,33.49,85.33,21.21,43.49,21.66,360.25,67.96,23.741767,87.793535,rabi,2020,1822.9,sandy
Wheat,5.48,32.25,92.91,22.79,33.48,12.82,376.99,53.49,20.143853,77.191177,rabi,2020,2754.34,loamy
Potato,4.91,64.88,108.38,66.55,191.28,16.13,518.08,72.31,14.186449,78.452056,rabi,2023,23793.37,clay
Wheat,7.06,88.3,142.07,38.33,52.5,18.7,662.13,71.76,13.081087,77.995491,rabi,2022,4188.64,loamy
Rice,7.85,54.89,76.47,16.54,22.04,29.87,700.6,62.63,18.693107,75.877445,kharif,2022,2507.61,chalky
Sugarcane,4.83,63.65,125.1,27.08,54.59,15.69,1020.24,35.61,22.378636,72.658681,kharif,2023,48862.54,sandy
Cotton,6.85,85.74,90.99,27.31,70.81,31.22,628.12,71.36,20.835127,85.016939,kharif,2020,486.79,chalky
Wheat,6.61,82.38,146.97,44.58,71.26,17.9,541.29,77.64,20.652937,72.286012,rabi,2020,3559.14,peat
Groundnut,7.83,28.39,13.8,14.8,29.14,33.77,442.38,43.95,22.229478,74.71562,year_round,2022,1428.48,peat
Maize,6.65,87.86,196.45,27.9,60.03,29.82,842.97,63.81,23.07219,75.958432,kharif,2021,4009.22,chalky
Onion,6.03,67.74,110.07,34.01,82.9,13.33,510.64,56.35,23.46283,74.011267,kharif,2021,19614.08,sandy
Chilli,6.11,78.92,112.03,34.6,148.08,29.88,474.49,63.73,23.895555,75.230762,rabi,2023,16694.23,sandy
Rice,7.48,90.71,134.33,28.41,48.3,20.61,1061.46,56.09,20.219122,88.101443,kharif,2023,2964.86,peat
Rice,6.84,50.15,54.22,11.48,25.46,32.79,663.28,56.9,25.185384,78.252079,kharif,2021,2281.59,peat
Pigeon Pea,6.01,83.25,24.94,23.61,38.33,23.76,647.13,58.34,20.720078,88.754152,kharif,2023,1160.21,clay
Soybean,6.5,56.55,24.28,34.89,66.14,27.17,894.18,74.14,23.704739,79.023637,kharif,2023,2384.65,chalky
Onion,5.79,39.96,73.93,22.43,41.08,20.85,328.55,42.65,28.907078,76.735296,rabi,2022,16672.78,silt
Tomato,6.15,73.44,162.12,54.52,160.45,19.7,516.15,64.51,21.760871,86.057352,zaid,2023,29391.72,chalky
Soybean,6.73,66.23,23.61,40.4,50.36,23.19,824.65,59.44,21.950553,74.413175,kharif,2022,2560.21,chalky
Sugarcane,7.1,73.07,268.62,46.36,108.84,31.06,1470.26,59.71,13.449206,78.262257,zaid,2022,64627.2,peat
Rice,4.84,46.13,74.17,16.62,26.8,21.63,760.86,47.97,30.874415,75.28242,kharif,2022,1706.8,sandy
Chilli,7.19,39.8,66.8,17.33,66.62,29.77,332.91,54.28,13.431166,76.136782,zaid,2020,11798.87,peat
Maize,5.45,42.7,91.21,17.55,53.41,33.6,532.69,38.32,20.598386,81.453689,zaid,2022,2197.08,chalky
Wheat,6.5,63.13,155.72,43.08,51.19,16.58,673.84,53.17,25.480478,86.377783,rabi,2021,3990.85,peat
Onion,6.42,77.48,107.44,39.85,111.41,21.16,587.68,69.15,20.696881,75.442101,kharif,2022,18784.32,sandy
Sugarcane,5.36,56.86,147.15,30.95,64.8,23.25,1010.94,35.22,30.539345,79.32144,kharif,2023,45442.67,silt
Rice,5.26,91.04,100.93,28.05,42.76,31.96,1268.96,59.29,18.057234,73.61156,kharif,2022,3516.52,peat
Chilli,5.09,38.22,70.95,26.33,56.92,30.13,333.03,46.2,24.563012,87.61589,kharif,2023,12352.25,peat
Tomato,5.87,49.94,78.32,28.11,72.9,30.65,353.33,34.02,11.352092,78.770829,kharif,2022,17661.26,silt
Maize,6.99,95.15,204.67,36.91,85.05,27.77,737.75,57.55,28.672854,76.547787,kharif,2020,4153.17,clay
Potato,5.22,70.8,144.78,71.66,216.78,15.35,565.27,58.36,30.596971,74.490224,zaid,2022,23515.34,clay
Potato,5.0,88.59,145.59,68.77,154.79,20.27,725.22,59.39,30.003021,76.937365,zaid,2020,25920.79,silt
Soybean,6.76,99.15,20.1,44.39,62.88,20.58,775.06,60.48,19.562925,75.430213,kharif,2021,2530.99,loamy
Onion,5.63,45.95,74.36,23.25,55.08,17.76,274.19,65.84,28.359942,75.719284,kharif,2021,16805.82,sandy
Potato,3.46,45.37,54.61,43.55,124.27,27.48,339.52,38.21,14.57796,77.315983,kharif,2023,18672.55,peat
Potato,4.82,92.08,127.08,59.7,157.58,24.15,689.15,74.67,21.581438,86.042638,rabi,2023,28237.98,peat
Soybean,8.2,37.72,14.31,18.6,30.34,31.47,464.73,58.37,21.382905,72.629812,kharif,2023,1999.13,sandy
Chilli,7.23,40.92,53.28,20.18,83.13,31.59,327.56,38.38,25.389678,77.131104,kharif,2021,10125.78,peat
Cotton,5.71,46.22,61.42,15.06,29.65,36.71,376.36,47.33,24.029996,85.980903,kharif,2021,367.51,silt
Wheat,6.9,93.35,179.16,44.07,71.55,19.68,664.36,76.85,31.572005,78.315068,rabi,2021,3764.24,silt
Groundnut,8.28,36.13,11.58,16.55,34.58,22.63,388.0,66.59,23.54268,85.812253,rabi,2022,1690.06,peat
Rice,4.28,49.88,54.32,17.46,34.62,33.12,730.81,55.2,29.609238,74.969588,kharif,2020,1624.27,chalky
Wheat,6.43,98.03,137.88,35.75,70.89,19.39,598.34,75.4,21.241497,81.301644,rabi,2022,3699.13,loamy
Potato,5.03,73.44,108.45,61.67,157.52,18.79,616.4,64.0,31.400844,76.133261,zaid,2022,24221.9,silt
Maize,6.95,68.5,218.27,32.88,77.39,18.22,638.29,72.63,28.599353,75.583765,zaid,2023,4737.4,loamy
Potato,3.95,42.96,82.48,28.12,122.4,13.88,398.42,64.2,12.685604,76.846291,year_round,2023,19597.62,sandy
Pigeon Pea,6.69,71.98,21.49,24.05,31.55,21.47,837.15,67.0,18.977233,74.189171,kharif,2021,1307.07,clay
Groundnut,7.24,84.45,26.39,28.98,52.6,32.55,513.68,73.28,18.417047,74.034312,rabi,2023,1849.47,chalky
Chilli,6.07,83.6,127.89,34.35,141.4,29.71,450.96,64.57,14.980396,77.548307,kharif,2023,17576.08,sandy
Onion,6.02,99.05,147.58,40.87,112.0,24.18,547.38,70.82,10.520086,78.29489,rabi,2022,21457.52,sandy
Onion,6.36,72.3,139.17,44.62,103.38,15.67,530.69,70.57,20.16191,81.293855,rabi,2022,20028.64,silt
Groundnut,5.1,33.36,11.07,10.71,34.53,36.45,308.72,51.06,10.48805,76.961782,rabi,2020,1284.58,silt
Onion,6.82,60.82,145.92,41.67,119.06,14.69,504.14,74.87,31.982263,77.613476,rabi,2020,23873.65,chalky
Potato,4.85,81.18,101.65,65.13,196.44,22.62,509.79,78.08,28.533586,79.279433,zaid,2020,26330.35,clay
Groundnut,7.43,76.84,21.83,26.06,44.23,30.84,680.58,74.45,18.46363,73.373069,kharif,2020,2212.27,peat
Soybean,6.24,91.0,28.33,39.33,50.94,21.06,721.11,67.14,30.611632,77.958218,kharif,2022,2739.39,loamy
Wheat,7.47,60.44,170.62,32.67,72.62,18.77,726.6,65.9,29.476225,78.332585,rabi,2021,3332.89,sandy
Sugarcane,6.29,91.3,274.51,42.54,105.19,23.13,1384.06,64.26,24.251475,88.117159,kharif,2023,76532.32,peat
Chilli,6.12,94.64,121.56,36.51,124.91,28.05,527.34,76.56,22.91313,74.255113,kharif,2023,15863.48,loamy
Potato,5.02,72.16,118.4,59.39,223.45,17.65,532.35,65.33,30.465179,74.930959,rabi,2022,26825.05,silt
Groundnut,6.94,80.42,25.13,25.33,49.56,28.58,746.75,74.78,13.628783,76.857201,kharif,2023,2269.41,peat
Onion,6.85,75.44,109.72,32.42,88.26,14.49,587.62,78.99,20.468077,72.973479,kharif,2021,18775.1,peat
Soybean,6.23,56.53,22.65,33.32,54.9,29.34,643.26,56.13,31.827905,76.77064,kharif,2023,2272.07,clay
Maize,7.4,35.89,99.77,20.14,43.98,32.63,365.54,59.94,10.270672,78.387427,kharif,2020,2598.98,clay
Maize,6.83,89.78,168.02,28.5,61.59,23.0,668.73,56.95,31.335666,77.321185,kharif,2023,4339.33,loamy
Chilli,6.4,77.97,102.1,40.24,115.37,29.33,461.17,51.46,24.721047,89.789343,rabi,2021,14210.1,silt
Groundnut,4.8,33.66,15.37,12.9,34.97,18.21,374.85,56.15,29.19183,75.095583,rabi,2023,1431.61,chalky
Cotton,7.94,37.1,49.96,13.92,40.45,34.42,412.42,51.57,11.731818,78.397517,kharif,2020,414.0,sandy
Sugarcane,7.04,96.52,295.11,41.54,101.42,31.22,1795.35,61.9,23.701304,87.670508,rabi,2021,67583.66,sandy
Potato,5.31,76.16,140.53,60.3,205.98,21.78,691.0,79.76,22.466245,76.15934,rabi,2023,24030.55,sandy
Sugarcane,5.57,62.16,170.22,21.6,60.31,17.37,835.48,45.49,22.586492,87.00668,zaid,2023,35693.95,peat
Potato,6.94,45.6,87.63,29.03,93.59,17.18,437.2,53.0,10.14429,76.256782,zaid,2023,17206.83,peat
Sugarcane,7.47,98.16,200.46,57.47,115.37,24.75,1592.58,52.4,31.094717,77.172115,kharif,2022,82487.35,sandy
Chilli,6.74,89.04,130.25,35.88,105.92,23.64,547.21,65.39,20.394085,76.743538,rabi,2020,16073.28,chalky
Pigeon Pea,6.55,43.77,24.71,28.01,36.91,33.58,763.44,77.73,28.859586,74.698776,kharif,2023,1396.72,silt
Pigeon Pea,5.56,30.41,14.98,12.08,21.98,26.16,382.09,31.49,21.271145,74.217821,kharif,2023,865.41,chalky
Pigeon Pea,6.57,52.74,27.38,21.5,37.57,21.12,785.24,78.56,28.388217,76.595961,kharif,2020,1201.72,chalky
Maize,8.1,39.67,131.8,16.47,35.21,20.32,391.71,54.29,31.75734,76.211106,kharif,2020,2075.56,loamy
Sugarcane,5.05,51.49,158.93,24.76,52.34,35.96,983.24,56.57,23.839584,80.405066,zaid,2022,56084.74,peat
Maize,5.51,38.37,86.74,22.23,33.67,25.99,469.83,36.16,21.423906,77.020664,zaid,2023,3313.18,peat
Tomato,4.66,46.59,105.07,32.49,104.22,17.95,286.12,32.21,21.392661,73.745157,kharif,2023,20669.46,clay
Rice,5.03,99.43,106.52,23.09,42.34,24.63,1065.16,55.97,20.277549,86.331228,kharif,2023,3147.48,chalky
Soybean,6.22,67.57,20.85,39.31,72.05,25.53,792.64,62.44,20.418898,78.89687,kharif,2021,2435.91,peat
Rice,6.32,76.73,117.39,25.21,53.11,30.71,1430.62,54.64,20.926313,74.522545,kharif,2023,2771.57,clay
Cotton,8.47,36.35,59.4,17.6,31.79,28.16,312.87,68.78,10.329211,78.488668,rabi,2023,352.41,sandy
Groundnut,6.13,58.15,20.55,28.78,59.47,30.4,502.23,55.66,20.395323,78.27957,kharif,2022,2197.55,chalky
Wheat,7.1,64.55,144.66,35.33,60.18,20.44,635.87,64.91,14.091576,78.563417,rabi,2020,3475.92,sandy
Tomato,6.98,66.97,147.29,47.18,137.56,25.92,591.08,62.41,29.102032,76.290259,zaid,2021,30373.48,clay
Tomato,5.61,42.3,93.79,22.84,82.28,15.82,321.46,59.9,19.366257,72.395618,kharif,2020,19550.83,clay
Groundnut,7.39,56.28,21.04,25.43,46.28,29.69,557.81,77.49,24.064252,80.09429,kharif,2020,2209.77,loamy
Tomato,6.76,74.09,132.87,59.55,123.13,22.29,564.84,72.99,23.809709,77.710525,kharif,2022,35181.37,peat
Tomato,6.87,77.14,132.81,48.53,176.37,21.58,488.11,65.58,22.804157,73.808409,zaid,2022,34357.33,silt
Rice,7.22,42.45,89.04,12.05,27.3,24.93,771.4,68.12,11.538621,76.446376,kharif,2023,2381.75,clay
Tomato,8.07,45.07,78.43,32.33,66.85,26.72,307.23,38.16,21.655665,77.9475,zaid,2020,17124.02,loamy
Rice,4.43,51.73,65.79,15.49,26.67,22.74,781.86,50.95,18.071387,73.172624,rabi,2021,1506.22,loamy
Chilli,6.59,67.4,145.96,35.92,103.46,21.9,530.35,50.88,30.026215,74.19593,rabi,2023,13811.92,sandy
Sugarcane,6.38,77.9,286.98,48.64,140.42,20.06,1497.28,53.01,12.602636,78.896839,kharif,2023,70692.9,loamy
Groundnut,6.16,31.92,17.23,16.32,23.66,21.72,447.66,64.17,29.825393,75.232605,rabi,2023,1145.66,silt
Soybean,6.35,86.59,25.43,35.75,50.04,27.52,824.09,60.35,29.864569,78.499036,kharif,2021,2383.06,clay
Rice,6.16,72.14,119.5,28.64,58.59,32.96,1390.76,77.92,21.341284,73.112195,kharif,2022,3058.71,sandy
Chilli,5.92,46.98,61.28,23.27,86.27,15.52,358.81,42.9,28.251593,76.270133,rabi,2023,12009.36,clay
Potato,4.01,50.3,65.68,35.27,123.58,26.93,377.78,54.15,25.542963,88.195724,rabi,2020,19681.85,peat
Chilli,5.32,41.89,69.7,17.24,76.44,19.13,280.84,53.88,29.151624,78.413726,kharif,2023,11571.48,silt
Potato,3.83,45.98,78.04,43.71,114.94,21.41,366.35,52.26,23.910801,85.943792,zaid,2020,13051.4,sandy
Pigeon Pea,5.47,29.77,14.05,10.5,26.07,28.21,504.64,38.62,13.399215,78.310677,kharif,2022,754.9,silt
Onion,5.71,37.5,73.99,18.99,40.29,10.49,341.13,40.34,30.730329,79.049637,year_round,2020,10927.99,peat
Chilli,6.01,74.61,117.24,37.24,109.22,23.38,491.02,60.42,29.414193,78.31701,rabi,2021,15489.47,loamy
Cotton,7.53,37.63,61.76,10.45,36.28,38.77,350.33,43.01,23.892482,89.355935,kharif,2023,380.96,peat
Maize,6.16,62.52,183.47,30.14,76.16,28.69,699.93,54.43,18.080537,73.691424,kharif,2020,3825.13,clay
Tomato,6.9,73.03,167.45,51.64,160.17,23.74,458.48,62.07,12.499111,77.550265,kharif,2021,32517.65,chalky
Soybean,6.86,57.59,23.6,39.59,73.05,25.67,829.33,72.73,30.498958,78.545162,kharif,2022,2880.77,peat
Chilli,7.21,40.65,89.93,15.59,67.65,21.01,308.56,36.0,25.234458,77.327941,kharif,2021,8196.58,chalky
Cotton,5.94,76.57,107.63,28.43,62.04,25.24,623.65,53.96,31.201443,78.007838,kharif,2023,530.73,silt
Rice,4.92,56.61,66.46,17.58,22.02,20.77,831.86,43.56,23.953132,78.965106,zaid,2020,1995.34,sandy
Maize,5.56,46.91,109.77,19.15,40.53,26.38,399.6,49.17,30.333743,79.687221,zaid,2021,2679.1,silt
Rice,6.46,68.14,118.57,24.49,50.74,22.34,1440.21,63.01,20.213673,87.489882,kharif,2021,3198.75,loamy
Cotton,5.88,36.02,66.67,13.24,44.24,26.46,383.38,46.21,22.535507,74.579354,year_round,2020,291.03,chalky
Pigeon Pea,7.28,98.94,26.25,26.4,44.28,29.8,756.6,68.24,25.92474,88.525106,kharif,2020,1184.76,chalky
Wheat,7.27,64.25,163.94,39.16,70.51,17.22,628.01,66.47,12.868266,77.779222,rabi,2020,3851.91,peat
Wheat,6.48,96.0,134.4,38.35,52.71,18.34,554.74,64.9,14.269742,76.688777,rabi,2020,3434.51,silt
Tomato,6.86,74.33,172.96,45.94,169.42,18.99,551.62,67.89,19.517998,75.902493,zaid,2022,34762.51,peat
Sugarcane,4.81,62.28,125.67,27.67,82.47,21.64,774.39,58.03,22.310247,80.855312,rabi,2021,58273.9,loamy
Rice,5.28,44.62,58.08,17.62,27.1,19.97,684.21,69.97,13.296641,77.175846,rabi,2021,1726.59,loamy
Potato,3.64,47.45,76.79,38.35,105.84,24.6,344.8,51.72,23.765782,89.676252,zaid,2021,15116.81,loamy
Potato,5.24,70.92,128.31,65.3,191.19,17.45,534.26,75.47,21.119066,76.240466,zaid,2023,29047.77,sandy
Tomato,4.67,48.16,64.03,28.27,70.8,30.54,303.3,43.37,20.703631,88.268413,zaid,2020,23935.89,peat
Pigeon Pea,7.23,47.24,22.06,25.27,33.06,27.66,623.74,67.62,10.533575,78.19999,kharif,2023,1292.91,chalky
Cotton,6.43,91.78,105.37,20.18,68.06,26.59,611.99,75.54,11.440747,77.295904,kharif,2021,551.83,silt
Tomato,5.33,51.62,90.45,33.24,80.53,32.07,340.75,47.04,28.708284,77.363133,zaid,2021,25303.95,peat
Soybean,6.58,62.64,24.4,34.53,51.68,21.98,762.61,68.05,20.329086,73.684919,kharif,2021,2875.68,peat
Potato,5.29,65.14,132.73,51.23,157.77,15.91,544.56,70.65,13.966148,76.600615,rabi,2020,27447.99,loamy
Wheat,6.31,94.7,131.98,37.6,66.8,20.02,741.46,78.25,12.499886,76.563616,rabi,2020,3378.8,chalky
Cotton,6.01,46.05,69.53,10.02,42.88,23.61,405.64,40.11,25.272186,77.498221,kharif,2023,302.48,silt
Tomato,6.25,65.83,138.67,57.0,156.19,25.26,441.49,62.99,30.774539,79.850611,kharif,2020,35660.5,peat
Tomato,5.24,56.32,100.76,23.77,104.89,32.18,340.51,44.55,22.929242,72.32406,zaid,2022,18323.32,sandy
Tomato,6.66,66.8,163.06,51.16,123.4,20.85,456.53,70.2,31.022727,75.592055,kharif,2020,29790.2,sandy
Rice,4.57,54.88,78.16,14.72,27.2,38.92,749.71,67.26,11.781833,79.329995,kharif,2020,2393.32,peat
Rice,4.59,52.53,68.22,14.9,25.98,35.89,806.47,50.5,21.222304,77.382694,kharif,2023,2000.4,silt
Onion,6.01,85.24,100.09,31.46,84.06,15.46,578.94,77.86,14.695407,77.087553,rabi,2020,21058.66,silt
Pigeon Pea,6.65,57.83,23.79,26.33,42.2,23.21,800.07,70.11,18.095674,75.412163,kharif,2023,1267.56,silt
Groundnut,6.94,53.7,23.92,29.9,49.58,25.73,663.46,52.28,12.171694,77.340733,kharif,2020,2001.58,loamy
Rice,5.42,71.53,149.64,25.63,47.13,23.85,1332.08,62.58,30.624584,79.291129,kharif,2022,3136.75,peat
Rice,5.29,88.41,149.85,24.26,46.96,25.46,1416.64,63.63,22.35063,79.039856,kharif,2023,3332.18,sandy
Pigeon Pea,7.02,93.86,29.66,23.63,30.93,20.57,885.83,69.94,20.235181,87.576089,kharif,2021,1097.65,sandy
Groundnut,6.38,91.62,29.11,23.98,52.68,34.76,625.95,63.67,28.050956,77.652813,rabi,2021,1839.28,clay
Rice,6.91,64.52,122.37,27.9,52.37,22.34,1218.52,61.91,12.903686,77.552532,kharif,2022,2853.68,loamy
Groundnut,6.18,84.06,21.84,29.54,54.76,21.09,723.82,63.31,14.798446,76.40005,kharif,2023,2089.37,chalky
Chilli,7.77,46.08,87.23,23.85,72.58,28.31,317.68,39.85,22.187006,81.921323,kharif,2022,10617.74,loamy
Onion,6.36,74.8,149.74,38.57,98.9,22.71,468.14,61.67,18.437902,75.460677,rabi,2021,20581.22,sandy
Chilli,8.09,35.22,51.0,21.85,85.37,23.1,351.15,44.13,22.907231,76.57198,rabi,2020,10320.71,sandy
Tomato,6.47,83.71,164.65,55.3,129.51,26.96,421.76,64.19,23.554918,77.08451,kharif,2020,27499.42,loamy
Sugarcane,5.31,63.37,138.54,26.41,89.45,25.87,981.83,40.78,12.014864,76.066148,zaid,2021,54962.4,loamy
Rice,7.28,85.1,120.78,24.59,47.0,31.77,1324.07,72.45,24.464297,78.522534,kharif,2023,2761.02,peat
Chilli,6.59,66.27,133.97,32.11,122.19,20.57,566.64,51.36,29.25631,75.152776,kharif,2023,16501.89,peat
Potato,4.81,69.3,144.91,64.53,176.39,21.17,627.25,79.75,29.96685,74.766457,rabi,2021,22537.29,clay
Wheat,7.41,96.65,162.67,34.43,64.53,23.12,685.46,72.11,11.380593,79.721467,rabi,2022,3532.87,sandy
Sugarcane,7.39,84.87,290.14,41.8,106.6,21.6,1407.35,54.45,25.696973,81.977136,rabi,2021,70880.06,sandy
Rice,7.84,52.38,83.31,11.61,27.23,30.93,814.91,38.97,23.361031,85.76913,year_round,2022,2333.11,peat
Cotton,6.14,73.51,101.14,22.91,67.19,27.42,745.91,61.77,21.911626,89.473746,kharif,2022,524.51,silt
Sugarcane,6.36,92.7,251.55,51.39,111.08,24.64,1753.28,69.7,24.835718,75.914371,zaid,2021,68086.95,chalky
Pigeon Pea,8.33,28.37,11.05,14.74,23.07,36.38,523.13,64.02,20.258941,72.324359,kharif,2021,922.97,chalky
Cotton,6.25,57.68,86.41,26.48,73.24,23.52,608.4,74.21,31.560461,79.154278,kharif,2021,461.51,sandy
Soybean,6.03,66.14,24.03,43.79,57.33,20.66,784.51,75.48,31.480572,79.354557,kharif,2020,2732.81,chalky
Onion,7.73,35.22,79.87,16.32,53.59,8.74,297.95,41.93,12.269665,77.631741,kharif,2023,13480.72,silt
Cotton,5.94,78.45,93.02,21.99,65.85,26.36,581.46,57.13,11.416988,78.560362,kharif,2023,541.14,silt
Soybean,6.19,78.73,20.69,43.02,69.81,20.84,681.99,58.93,22.563888,72.727523,kharif,2023,2377.19,sandy
Pigeon Pea,7.19,77.15,28.52,26.23,35.21,28.77,781.96,68.58,25.175535,76.998801,kharif,2022,1136.54,peat
Soybean,6.37,51.28,20.39,34.9,72.21,24.06,609.42,61.13,21.395969,74.817166,kharif,2022,2806.67,peat
Wheat,6.81,55.52,125.31,30.4,69.78,18.41,516.02,55.39,12.467654,79.522674,rabi,2023,3567.1,peat
Tomato,5.15,52.58,75.81,22.25,77.82,20.7,269.53,53.1,11.441088,76.777305,rabi,2021,25226.32,peat
Cotton,5.28,42.44,53.15,14.21,43.94,31.79,309.59,36.64,23.575561,88.221829,kharif,2022,382.56,loamy
Onion,6.09,78.41,129.62,41.38,87.63,22.77,553.65,74.09,25.626093,87.027606,rabi,2022,21412.61,clay
Cotton,7.74,78.92,89.7,23.53,73.75,26.12,737.4,59.87,12.545017,79.551272,kharif,2021,554.06,peat
Cotton,6.83,54.3,82.47,22.09,62.15,32.81,679.5,78.31,12.808407,78.372451,kharif,2022,505.85,chalky
Cotton,8.53,42.88,53.89,17.43,36.81,36.29,344.52,44.17,25.858897,89.509192,kharif,2023,272.29,clay
Soybean,6.2,68.3,28.11,32.36,55.26,28.8,639.54,53.67,23.714956,80.745906,kharif,2022,2383.6,sandy
Tomato,6.49,81.74,157.12,41.31,162.3,23.26,458.41,67.84,20.388202,80.137091,zaid,2023,29897.02,clay
Groundnut,7.15,68.22,29.39,24.27,55.48,24.43,684.82,73.95,21.831017,78.463438,kharif,2020,1911.91,chalky
Tomato,5.72,52.75,95.84,25.21,92.08,24.62,355.04,30.86,14.793933,79.449087,kharif,2023,16762.87,clay
Maize,6.84,50.75,162.19,37.44,63.57,28.68,673.49,71.89,24.723502,87.043705,zaid,2022,4588.02,silt
Onion,6.64,71.1,109.3,34.54,99.44,14.27,587.65,51.33,10.316596,79.943847,rabi,2022,18189.21,loamy
Wheat,4.99,28.96,60.53,18.75,25.25,15.94,308.14,53.87,28.210568,74.355853,zaid,2023,2124.02,peat
Chilli,6.73,74.24,149.74,42.29,127.79,28.35,587.19,79.68,21.81396,89.30245,kharif,2020,13577.17,loamy
Pigeon Pea,6.65,88.75,22.27,22.54,37.56,31.16,777.3,66.18,21.701618,79.580445,kharif,2022,1393.86,silt
Maize,7.26,42.23,82.74,17.73,45.19,18.7,523.59,30.85,29.666996,78.543773,zaid,2023,2317.8,silt
Onion,6.54,98.87,111.11,32.2,102.93,15.84,471.07,57.7,25.556045,85.11903,rabi,2022,18309.33,silt
Chilli,5.84,38.03,54.67,22.27,89.34,27.92,276.44,65.95,11.310655,77.729923,rabi,2022,8140.73,silt
Groundnut,6.83,64.46,24.07,23.9,56.2,20.4,514.52,75.69,28.292291,77.536091,kharif,2020,2331.63,peat
Sugarcane,5.41,59.11,120.31,22.22,58.76,16.63,876.32,35.41,22.801804,86.139004,kharif,2021,39884.08,loamy
Tomato,6.42,65.74,171.01,58.65,156.07,27.01,434.89,60.59,12.236458,79.160663,kharif,2023,34219.3,peat
Onion,7.07,43.27,60.72,15.65,69.58,27.51,326.07,35.25,22.088456,85.557667,kharif,2020,14929.08,chalky
Tomato,4.85,48.47,64.02,22.57,95.19,21.92,277.03,54.29,23.934347,88.668442,rabi,2022,18842.86,chalky
Chilli,5.93,35.28,85.12,15.96,55.93,27.57,309.88,69.48,22.229515,77.077964,rabi,2022,8300.14,sandy
Rice,5.83,89.89,136.39,26.69,41.44,20.8,1271.46,57.8,22.134654,74.260289,kharif,2021,3472.8,clay
Onion,6.75,72.34,140.23,41.05,117.01,15.08,409.56,57.39,23.347692,76.294617,kharif,2020,18233.6,silt
Rice,4.77,44.16,52.45,14.2,27.95,38.01,732.23,69.78,18.628575,73.816911,kharif,2021,1750.7,chalky
Maize,6.94,36.64,133.24,18.05,34.39,26.01,473.94,32.12,18.297748,75.420355,rabi,2021,2921.43,clay
Potato,6.41,50.47,82.43,33.74,82.43,29.05,418.95,53.15,29.713371,75.988365,rabi,2021,21050.86,clay
Tomato,6.79,65.87,177.69,48.54,150.76,23.51,428.93,68.34,19.909036,72.595427,kharif,2023,34138.54,sandy
Soybean,6.65,79.4,22.54,36.48,51.42,27.56,723.99,62.61,11.911154,76.100617,kharif,2020,2822.65,peat
Wheat,7.49,89.91,133.61,34.66,74.61,19.7,638.65,75.3,31.348877,74.559724,rabi,2023,3925.72,loamy
Maize,6.16,62.57,188.43,33.41,71.61,19.99,704.84,72.25,24.750297,81.843721,kharif,2022,4544.0,chalky
Onion,6.25,57.57,148.86,41.95,96.52,22.42,424.41,55.68,24.72234,86.571574,kharif,2021,18508.02,clay
Onion,6.03,89.04,146.68,37.9,101.51,16.78,496.38,79.06,18.92247,72.532907,kharif,2021,19225.59,chalky
Potato,4.96,77.99,147.06,64.72,173.34,23.06,540.4,58.79,21.892935,88.962508,zaid,2023,23478.4,peat
Soybean,6.54,82.6,27.18,33.11,53.98,22.91,892.19,63.55,22.861433,87.157771,kharif,2023,2730.67,clay
Potato,3.55,45.27,54.83,29.43,94.64,17.83,383.94,57.4,21.420762,74.9366,zaid,2020,20820.13,loamy
Cotton,6.91,86.9,99.16,21.05,65.31,31.74,726.34,62.28,25.192576,77.075511,kharif,2022,473.89,chalky
Potato,5.34,60.31,132.53,55.32,178.11,21.94,580.67,67.15,23.941427,74.530914,zaid,2022,24315.66,silt
Soybean,6.25,93.56,29.6,31.01,60.72,27.69,846.73,79.17,12.92235,77.562248,kharif,2020,2332.2,peat
Soybean,5.92,44.63,15.05,24.18,40.57,19.53,535.57,69.81,11.447246,78.757136,rabi,2020,1545.85,silt
Rice,5.09,52.35,51.37,12.56,32.97,33.12,809.44,42.44,10.87325,79.395165,zaid,2023,1813.1,clay
Chilli,4.95,41.94,56.11,16.3,71.4,17.13,355.7,52.93,20.37185,81.216563,zaid,2021,12061.57,sandy
Tomato,7.94,55.0,74.53,24.74,84.08,28.89,355.53,32.88,10.401039,79.004317,zaid,2020,16478.75,loamy
Cotton,6.82,61.55,115.05,24.62,56.99,33.24,542.75,62.78,21.369066,86.586862,kharif,2022,594.41,chalky
Onion,6.02,61.86,147.21,32.55,80.38,15.82,484.4,77.61,29.827578,76.465399,rabi,2023,21330.05,peat
Maize,6.23,88.47,176.66,28.14,80.84,20.94,614.83,75.46,14.072769,78.13442,zaid,2022,3769.4,silt
Groundnut,5.74,29.91,12.22,12.69,30.22,37.82,369.92,43.02,29.727411,76.131822,rabi,2021,1236.75,chalky
Soybean,6.95,89.46,22.42,37.07,73.45,29.65,782.5,60.01,22.286977,74.220341,kharif,2021,2331.61,silt
Maize,6.96,42.38,111.73,14.17,42.69,19.56,366.31,31.49,29.272039,78.777801,rabi,2020,2604.43,chalky
Chilli,6.46,67.36,142.43,41.38,130.07,21.87,469.55,70.39,29.646046,75.103074,kharif,2023,17736.35,peat
Tomato,5.99,56.87,89.6,21.5,97.48,23.62,321.93,39.49,31.424381,75.004538,zaid,2020,17788.12,clay
Tomato,5.9,43.37,105.75,24.51,78.34,15.25,327.21,67.77,31.698281,78.898784,kharif,2020,18154.09,chalky
Soybean,7.12,40.32,17.84,26.02,39.33,18.8,399.87,47.72,29.950261,76.28705,kharif,2021,1879.02,silt
Maize,5.68,51.59,198.68,32.09,76.6,23.63,877.39,61.93,22.678912,75.135701,kharif,2020,4223.14,silt
Soybean,6.7,79.14,29.6,32.62,57.78,27.32,703.31,69.93,20.23686,74.718703,kharif,2023,2784.72,clay
Wheat,5.39,36.42,66.28,20.49,30.37,16.27,425.81,47.14,20.110134,86.558888,rabi,2023,2531.33,chalky
Maize,7.46,41.26,129.47,16.13,36.89,23.03,422.0,57.75,10.770082,77.060625,zaid,2020,2357.57,chalky
Sugarcane,8.19,65.37,102.45,35.52,86.99,24.13,911.48,68.17,10.600014,78.127887,zaid,2021,43741.51,chalky
Chilli,6.51,62.26,112.31,42.96,115.69,27.52,403.52,58.04,14.752209,78.865912,kharif,2020,15716.39,chalky
Wheat,7.28,87.55,161.04,33.98,67.2,18.07,509.01,77.98,23.884682,77.39055,rabi,2022,3968.56,silt
Tomato,6.36,97.0,130.24,57.34,143.65,26.48,475.33,67.22,11.316107,78.841091,rabi,2022,33101.2,peat
Potato,5.09,82.7,123.05,69.78,185.09,22.91,639.94,60.75,14.355691,79.880258,rabi,2022,29449.5,chalky
Potato,5.04,64.12,141.8,68.96,174.09,15.72,523.57,67.49,20.021561,75.012799,rabi,2021,24707.61,peat
Groundnut,4.93,31.65,10.54,16.94,26.27,28.57,443.56,65.95,22.160769,75.31731,rabi,2021,1024.15,chalky
Maize,5.87,91.06,216.8,33.98,62.19,23.92,854.03,68.02,11.161678,78.495782,zaid,2023,4152.39,silt
Cotton,8.26,43.78,69.8,13.18,44.06,17.01,436.03,49.38,14.212289,77.863776,kharif,2022,266.35,loamy
Sugarcane,6.02,76.42,245.81,42.64,133.22,26.49,1318.6,66.45,20.138641,85.255658,rabi,2023,83039.43,silt
Tomato,6.22,83.27,151.54,41.83,146.19,23.22,466.18,66.27,25.594676,85.733984,zaid,2022,33231.03,clay
Sugarcane,6.23,95.33,268.39,40.39,105.88,32.67,1397.55,52.64,10.227323,76.631308,kharif,2020,65881.51,silt
Soybean,6.14,83.96,22.59,38.19,55.94,24.91,831.6,78.45,20.00799,73.278196,kharif,2021,2363.39,sandy
Groundnut,5.94,36.98,15.69,15.94,27.97,39.16,354.34,56.04,21.616075,89.096594,kharif,2023,1497.47,clay
Groundnut,5.59,37.89,12.87,14.53,23.81,27.52,329.12,49.08,14.598109,78.811387,kharif,2023,1538.02,silt
Groundnut,6.1,76.95,21.36,21.81,52.64,28.26,562.63,61.13,11.132303,79.590821,kharif,2020,2387.82,loamy
Soybean,6.28,95.48,21.41,40.26,57.81,26.71,793.71,66.78,29.097122,79.939674,kharif,2021,2757.5,loamy
Onion,6.63,98.51,122.1,39.43,85.87,21.76,450.04,71.73,18.655134,72.712786,rabi,2023,18247.85,clay
Maize,6.87,74.91,159.42,30.23,70.34,23.49,755.67,54.2,21.454513,76.290319,kharif,2021,3677.8,sandy
Pigeon Pea,6.06,55.54,21.67,24.53,33.71,33.13,754.54,71.88,20.659687,75.791844,kharif,2020,1128.48,loamy
Sugarcane,7.18,81.57,235.14,43.34,101.67,33.55,1343.39,56.2,21.304773,89.64402,kharif,2022,69447.0,sandy
Tomato,6.94,74.84,163.44,51.02,166.22,25.3,482.14,58.39,29.0662,76.069243,zaid,2022,32841.4,chalky
Wheat,8.44,30.91,75.57,23.59,27.71,12.89,421.68,38.91,12.638861,78.160117,rabi,2020,2314.77,loamy
Sugarcane,6.92,86.99,204.3,42.44,143.26,30.68,1705.18,63.92,30.259251,79.165583,zaid,2023,80254.58,peat
Maize,4.45,42.59,112.86,17.23,46.13,22.15,428.33,45.31,22.710451,89.843457,kharif,2020,2117.38,sandy
Soybean,6.43,76.17,21.22,36.85,53.33,27.35,766.0,57.36,22.070945,85.08795,kharif,2022,2438.53,chalky
Onion,8.25,35.19,85.22,22.28,67.54,10.36,251.11,58.5,12.363534,77.242814,zaid,2023,16092.84,peat
Chilli,6.56,87.06,127.23,33.08,134.77,22.59,468.82,79.71,22.56481,73.810902,kharif,2020,17070.05,clay
Soybean,6.65,70.12,27.08,41.68,64.1,29.67,783.4,71.86,30.993101,79.698165,kharif,2023,2624.54,sandy
Onion,6.75,93.37,139.64,33.5,117.19,13.22,425.71,64.88,24.250345,85.448557,kharif,2023,21869.13,chalky
Pigeon Pea,7.37,53.95,29.56,29.27,33.94,24.46,732.39,59.43,11.163122,78.505973,kharif,2020,1411.64,peat
Chilli,6.98,61.8,135.19,42.47,102.01,23.74,436.52,52.19,12.668178,78.782981,rabi,2020,16983.09,loamy
Onion,5.97,42.36,76.14,19.61,61.52,12.92,341.67,49.68,14.204624,76.584886,rabi,2022,16239.41,silt
Pigeon Pea,4.81,35.34,16.58,15.29,16.95,33.18,436.51,66.99,20.379346,88.977255,year_round,2020,861.14,clay
Potato,4.96,70.1,106.4,61.01,216.58,18.74,711.52,68.53,22.298939,72.910442,rabi,2023,29904.85,clay
Soybean,7.84,42.85,17.54,21.15,27.25,29.66,430.79,58.86,22.006677,86.707741,kharif,2023,2089.41,sandy
Groundnut,7.82,35.78,13.83,11.49,24.67,37.35,408.67,48.61,11.871628,77.855287,year_round,2020,1426.38,clay
Chilli,5.39,39.1,51.6,25.02,58.39,32.4,329.55,38.76,22.344215,80.36256,zaid,2023,9837.8,sandy
Maize,7.49,44.37,108.93,19.66,32.63,15.99,371.99,69.04,29.773014,75.11747,kharif,2020,2679.48,chalky
Cotton,7.58,94.85,106.44,23.95,68.6,33.97,594.71,55.21,12.884548,78.629977,kharif,2022,479.19,clay
Chilli,7.65,36.63,55.73,17.02,56.57,18.59,264.32,34.47,20.129652,75.930195,kharif,2020,8449.04,chalky
Groundnut,6.8,82.98,27.42,26.96,57.81,34.97,587.13,74.99,30.765546,75.955014,rabi,2020,2271.36,silt
Chilli,7.39,35.84,72.62,21.05,58.13,18.43,358.13,48.74,24.981394,88.175503,kharif,2021,12251.39,peat
Onion,5.58,44.41,70.38,21.13,66.06,28.1,339.95,40.16,20.085627,81.327314,rabi,2020,10310.41,chalky
Tomato,6.29,77.75,175.27,43.43,123.92,26.51,415.33,60.67,28.472622,75.864011,rabi,2021,34005.79,loamy
Cotton,6.94,55.24,103.34,27.5,62.75,33.02,577.44,79.14,18.052991,72.761533,kharif,2021,591.14,peat
Pigeon Pea,4.84,28.83,10.63,12.79,26.5,31.09,535.0,69.13,20.88347,74.482833,kharif,2020,633.28,chalky
Sugarcane,6.76,85.28,281.02,56.78,145.49,30.41,1267.08,66.96,30.536202,75.541916,zaid,2022,64095.89,silt
Tomato,6.4,67.15,151.29,55.58,140.41,23.85,533.04,71.38,29.484696,74.452129,kharif,2022,35625.14,peat
Soybean,6.57,58.96,22.85,35.67,70.39,20.82,698.51,62.73,14.632406,77.415887,kharif,2023,2793.39,peat
Cotton,7.03,82.82,81.78,27.52,51.98,21.26,707.97,55.24,20.092198,77.985107,kharif,2021,540.93,silt
Tomato,8.43,42.6,92.42,28.78,60.17,17.02,262.32,40.19,22.160393,77.943764,rabi,2022,16038.1,clay
Maize,6.12,85.6,167.45,31.14,86.17,24.96,626.7,70.82,22.718204,73.000227,kharif,2023,4100.46,chalky
Chilli,5.17,42.66,81.99,22.33,58.99,27.57,328.09,54.83,28.533876,75.724743,rabi,2021,10087.6,peat
Cotton,6.73,92.1,107.86,22.71,57.42,21.15,659.12,61.82,23.658161,85.552932,kharif,2022,544.16,loamy
Pigeon Pea,5.07,36.42,17.27,11.75,21.29,17.78,503.04,37.32,22.236516,88.724631,kharif,2020,805.53,peat
Potato,6.13,45.45,59.29,42.58,125.14,10.71,420.68,54.62,12.260913,79.098201,year_round,2022,14329.49,peat
Sugarcane,6.48,94.42,243.8,46.15,149.25,22.47,1203.36,51.28,30.133352,79.147971,zaid,2020,78471.75,clay
Maize,4.36,35.09,94.96,17.53,30.34,18.28,378.15,40.41,18.049339,74.944329,year_round,2020,2213.01,peat
Maize,6.23,63.27,223.39,37.07,72.49,21.63,680.63,65.97,12.443897,77.631977,kharif,2023,3853.54,chalky
Groundnut,6.92,74.18,24.25,21.27,45.93,29.85,615.58,74.12,10.422729,76.176977,kharif,2023,2121.5,sandy
Onion,6.81,68.85,130.93,42.57,100.63,24.06,407.25,75.68,31.394945,74.83518,rabi,2023,21481.31,clay
Onion,6.82,79.28,113.8,35.26,88.67,17.18,531.48,50.47,18.597967,73.675975,rabi,2021,22888.78,chalky
Sugarcane,5.42,51.02,121.92,21.04,52.0,16.78,993.8,49.42,10.387978,76.580358,rabi,2021,52129.85,peat
Pigeon Pea,7.32,28.53,16.32,14.26,21.94,21.38,474.9,64.37,24.667341,76.404649,kharif,2021,933.19,sandy
Groundnut,7.98,32.18,13.75,12.09,34.75,36.6,316.45,42.76,23.081132,88.047602,year_round,2020,1133.91,silt
Tomato,6.45,78.63,123.12,46.01,151.63,28.0,477.75,61.61,21.141819,81.134131,kharif,2021,32150.41,loamy
Maize,6.83,88.13,167.02,36.62,81.52,20.42,670.26,65.64,23.106665,73.709618,kharif,2023,4754.37,loamy
Pigeon Pea,5.38,28.0,17.69,11.9,18.05,16.66,368.08,62.91,21.419932,76.00363,kharif,2023,757.07,peat
Potato,6.09,49.05,66.61,40.99,93.38,10.39,410.03,46.71,25.950285,77.117275,rabi,2020,18056.16,clay
Pigeon Pea,8.69,29.61,16.0,15.05,18.8,25.23,479.08,55.35,22.361575,86.974744,kharif,2021,778.14,clay
Rice,5.85,84.37,116.13,26.45,57.03,32.8,1132.3,65.59,30.618265,79.724563,kharif,2020,3397.64,peat
Maize,6.99,98.45,210.13,34.35,83.82,24.88,666.07,75.87,20.48585,73.894278,kharif,2021,4093.5,clay
Pigeon Pea,6.78,79.21,28.39,27.29,35.54,28.65,637.82,57.05,24.695725,88.319051,kharif,2021,1325.95,chalky
Chilli,6.23,95.45,112.49,38.03,129.1,23.86,585.32,69.56,23.033286,73.467474,rabi,2022,16923.74,clay
Maize,6.89,71.39,212.17,26.36,63.24,19.18,785.73,54.31,21.899578,88.385954,kharif,2022,4180.85,silt
Groundnut,7.41,96.99,24.59,29.38,42.15,21.64,615.37,78.14,28.13914,78.758664,rabi,2023,2157.53,silt
Rice,5.47,84.31,121.28,25.49,53.57,25.91,1132.66,55.05,19.972476,74.881735,kharif,2023,3279.39,peat
Cotton,8.67,44.03,60.33,11.25,39.44,32.0,320.21,46.32,12.531155,76.102529,rabi,2020,411.83,chalky
Wheat,7.68,31.81,74.87,21.26,38.27,24.39,350.42,41.61,18.478735,73.671878,rabi,2023,2905.07,chalky
Potato,4.2,43.07,64.42,44.78,121.98,27.45,395.0,65.62,25.377362,86.362866,zaid,2023,20510.63,chalky
Wheat,7.98,30.06,74.95,25.46,28.12,23.75,352.87,58.52,10.783237,79.811641,zaid,2022,2246.62,clay
Sugarcane,5.24,54.9,104.45,21.98,69.97,22.4,744.13,65.83,13.459405,78.652252,zaid,2020,47905.26,silt
Cotton,5.87,43.14,48.7,15.77,25.97,21.31,312.28,42.03,25.469581,77.57784,rabi,2021,257.97,silt
Tomato,6.06,65.61,130.77,42.49,174.89,23.38,518.62,66.3,29.275193,74.307622,rabi,2022,30561.03,sandy
Cotton,7.77,50.7,88.6,22.05,54.54,31.81,718.76,68.42,28.059476,76.117264,kharif,2020,471.46,clay
Rice,4.28,46.74,89.77,14.44,22.72,25.61,692.8,41.23,24.145121,80.508781,kharif,2023,1622.17,chalky
Rice,7.52,50.76,87.74,10.34,28.05,38.0,614.75,52.94,25.257754,75.133304,kharif,2022,2269.08,sandy
Rice,5.43,53.15,64.24,12.27,22.82,21.3,736.25,45.43,20.687973,72.483118,kharif,2022,1947.42,silt
Cotton,6.07,75.33,84.86,23.63,56.39,34.53,643.74,76.7,24.631787,75.26898,kharif,2023,510.25,sandy
Maize,6.99,41.0,113.57,17.86,36.59,29.41,396.95,41.72,25.081536,86.881942,kharif,2022,2415.27,peat
Sugarcane,6.59,99.8,217.71,47.27,118.67,34.92,1268.87,71.78,22.213792,75.867806,kharif,2021,69304.04,silt
Groundnut,4.79,37.05,13.72,17.76,23.15,15.35,381.8,46.92,22.334188,81.987385,kharif,2022,1683.56,sandy
Groundnut,7.14,44.25,23.62,27.38,48.03,31.51,517.81,77.66,22.338207,73.572986,kharif,2021,1930.34,sandy
Sugarcane,8.22,50.91,173.39,30.88,82.44,21.27,1042.03,58.6,13.318834,77.656802,zaid,2023,36091.64,loamy
Soybean,5.76,46.36,10.98,26.59,30.63,23.21,429.47,58.04,21.432133,85.996209,year_round,2021,1684.21,clay
Wheat,6.22,44.41,148.74,30.26,68.35,21.29,698.25,53.98,13.570435,78.943742,rabi,2021,3295.19,silt
Wheat,6.77,83.11,126.41,39.9,70.9,20.23,511.28,78.0,22.02782,78.288918,rabi,2020,3497.33,sandy
Sugarcane,5.01,66.3,156.6,27.67,73.38,30.05,1002.82,59.06,14.934569,77.592173,kharif,2023,43131.7,silt
Soybean,6.83,67.67,23.25,36.29,67.06,26.29,865.58,73.92,19.727619,73.142042,kharif,2020,2511.44,peat
Onion,6.86,54.16,141.56,34.23,101.91,23.98,480.85,61.81,22.763982,76.762316,kharif,2022,20249.11,peat
Soybean,6.47,73.63,20.29,44.62,55.55,20.61,756.61,61.4,30.433261,78.0418,kharif,2021,2468.76,chalky
Cotton,7.2,99.98,82.33,29.29,55.56,23.4,692.89,56.7,18.195745,75.783325,kharif,2020,588.86,sandy
Groundnut,7.66,29.66,16.14,14.5,28.95,22.03,378.2,41.09,24.613207,80.031454,year_round,2020,1032.08,chalky
Soybean,6.45,73.94,21.92,43.41,74.11,21.04,835.59,70.91,25.324445,89.879159,kharif,2021,2668.39,peat
Rice,7.83,47.35,50.24,14.74,33.56,17.71,726.26,59.08,13.217761,76.352024,zaid,2023,2438.21,clay
Pigeon Pea,7.48,71.65,23.68,25.27,42.72,24.87,757.13,53.42,20.933241,89.818436,kharif,2022,1420.84,sandy
Soybean,7.43,42.66,11.15,20.79,39.19,34.02,507.2,64.76,14.39854,79.919213,kharif,2022,1682.05,chalky
Sugarcane,6.41,73.32,259.76,55.99,106.67,33.83,1650.69,67.69,12.144272,79.033823,zaid,2022,70807.86,loamy
Onion,8.33,41.38,79.28,21.73,47.18,19.46,310.85,32.4,31.706127,74.058849,kharif,2021,11732.91,clay
Potato,6.59,46.67,82.85,35.24,118.08,16.12,400.14,58.22,25.739293,86.007232,zaid,2023,20059.62,loamy
Onion,7.84,41.79,50.88,26.23,68.89,20.7,324.6,40.59,20.626535,78.178434,zaid,2023,13449.32,sandy
Onion,6.87,57.83,119.44,31.79,83.22,16.0,497.7,71.04,22.64904,87.590925,kharif,2020,21130.89,loamy
Potato,4.03,55.13,55.96,44.16,99.26,13.79,382.18,30.96,30.502358,74.310325,zaid,2021,14346.59,loamy
Sugarcane,5.68,51.47,159.2,30.04,65.03,32.73,1027.64,57.43,13.56271,77.471612,kharif,2022,43248.51,clay
Rice,5.85,93.19,116.2,25.87,41.33,28.44,1335.41,71.09,23.570278,75.63137,kharif,2021,3245.41,loamy
Potato,4.47,52.3,51.16,27.26,100.87,15.79,427.45,47.5,22.639657,75.729622,zaid,2021,18687.09,clay
Pigeon Pea,7.5,77.09,27.49,26.14,36.35,25.12,608.66,61.85,30.206351,79.906766,kharif,2023,1338.77,clay
Soybean,6.73,60.02,25.01,39.07,57.57,25.43,732.07,61.7,31.411732,75.9048,kharif,2022,2698.65,chalky
Chilli,7.61,41.67,52.1,21.61,62.29,17.69,351.92,65.78,23.680957,75.669803,zaid,2023,9361.48,clay
Maize,6.89,35.01,114.53,18.97,30.79,14.73,497.34,53.38,21.438895,75.703007,rabi,2022,2903.48,loamy
Sugarcane,6.11,98.51,217.5,57.79,130.43,34.98,1423.12,58.96,25.350829,81.396574,zaid,2023,67531.27,sandy
Chilli,6.48,99.86,127.45,32.97,127.34,25.66,408.88,73.89,23.175119,72.791893,rabi,2021,17643.45,loamy
Soybean,7.33,45.92,12.48,15.85,35.0,21.54,383.09,32.74,23.440013,73.63442,kharif,2021,1990.86,silt
Pigeon Pea,4.96,32.49,14.11,15.47,15.9,17.37,467.9,41.24,19.861427,74.026709,year_round,2020,845.56,clay
Sugarcane,6.97,86.83,236.43,44.61,123.49,22.14,1534.03,59.58,22.032506,72.128479,kharif,2022,65801.38,sandy
Onion,6.36,98.41,116.88,37.49,106.99,14.73,574.6,58.53,30.186948,77.341691,kharif,2021,22340.15,loamy
Cotton,6.88,83.75,83.89,21.32,66.92,34.71,677.99,64.8,20.626838,78.145071,kharif,2020,493.07,clay
Wheat,5.89,37.25,107.6,17.37,36.51,12.94,445.63,67.9,24.922979,85.223535,rabi,2022,2675.4,loamy
Potato,4.93,69.34,114.25,61.38,171.8,22.36,501.96,66.18,11.331141,78.413166,zaid,2023,27516.75,loamy
Sugarcane,6.81,87.21,288.92,53.51,112.48,34.15,1633.75,70.68,13.994367,76.546494,kharif,2021,70300.34,peat
Wheat,6.95,54.82,155.79,34.77,61.29,22.9,658.63,65.98,21.192708,73.065511,rabi,2022,4094.43,loamy
Chilli,6.42,72.83,109.32,35.46,106.45,22.72,470.38,52.83,25.899546,86.644165,kharif,2021,17443.93,loamy
Rice,5.62,43.56,52.09,12.03,21.19,35.32,611.66,56.36,20.909954,73.222306,year_round,2020,2043.52,sandy
Rice,5.58,51.41,63.66,17.72,28.15,23.91,697.05,30.93,10.632727,77.906482,kharif,2023,2301.8,chalky
Chilli,6.91,65.46,146.92,30.19,136.37,23.75,493.82,62.8,23.49417,78.259169,rabi,2020,16657.04,silt
Potato,5.75,50.55,56.74,40.83,113.9,13.35,425.66,68.43,31.262209,77.707607,year_round,2023,20768.45,loamy
Tomato,6.69,93.67,151.93,48.68,143.24,20.19,546.84,72.72,25.766623,76.307841,zaid,2020,30161.51,clay
Sugarcane,5.87,60.14,147.5,23.33,62.95,37.04,911.84,60.36,21.800183,86.408265,zaid,2022,49803.87,chalky
Maize,5.73,63.96,168.82,34.23,84.18,22.42,623.29,71.4,10.232708,76.017376,kharif,2023,4374.38,silt
Rice,7.83,42.96,83.32,15.94,33.54,15.79,677.55,66.03,24.204552,80.086693,kharif,2023,2489.73,silt
Soybean,7.0,67.05,28.25,43.26,73.43,22.97,670.22,74.9,28.056346,79.436646,kharif,2022,2419.99,silt
Soybean,6.03,74.7,22.79,37.96,63.91,24.1,675.69,62.02,11.457011,79.403625,kharif,2023,2593.85,chalky
Sugarcane,5.44,60.41,144.88,26.14,60.75,18.37,906.7,60.72,14.323296,77.973777,rabi,2021,49017.6,peat
Groundnut,5.53,33.7,17.9,15.74,30.52,39.93,447.07,51.52,12.141712,78.125593,kharif,2021,1191.51,sandy
Potato,5.08,84.48,147.33,56.16,210.23,18.77,500.34,63.4,11.825256,79.517669,zaid,2023,22794.33,clay
Onion,7.04,38.87,76.01,17.53,62.29,27.21,280.43,54.79,13.90498,76.973212,zaid,2020,16641.58,peat
Potato,6.38,49.43,65.64,26.79,112.53,15.5,371.05,61.01,22.855355,87.353801,rabi,2021,15898.74,clay
Chilli,6.14,79.4,132.03,41.59,131.91,22.29,529.03,60.05,23.922321,76.947258,kharif,2022,15628.17,chalky
Onion,5.8,37.7,89.18,18.09,54.68,18.87,330.72,50.84,13.524121,77.235375,zaid,2023,12206.96,chalky
Groundnut,6.11,31.13,10.3,13.65,33.21,24.6,436.42,63.48,20.702249,85.080294,rabi,2021,1074.91,sandy
Maize,5.61,81.69,208.96,29.71,63.01,28.56,866.33,78.73,28.008564,76.281447,zaid,2021,4582.25,silt
Wheat,7.34,47.35,143.04,41.05,61.9,24.28,613.52,72.03,20.92437,88.12573,rabi,2022,3505.58,peat
Groundnut,6.23,50.02,21.42,29.89,40.44,34.61,657.06,63.52,20.826818,79.698303,rabi,2021,2387.51,clay
Maize,5.71,36.48,112.76,22.26,37.95,25.55,523.14,61.36,21.251281,72.364979,kharif,2022,2950.52,peat
Pigeon Pea,5.14,33.34,15.29,16.62,23.22,20.92,493.9,48.94,14.686698,76.661767,zaid,2020,872.66,chalky
Soybean,7.0,56.39,24.35,30.37,59.07,21.21,684.46,51.6,30.514558,79.609009,kharif,2023,2442.56,chalky
Wheat,7.21,55.75,165.44,35.35,74.74,17.55,693.06,63.04,13.166417,79.242883,rabi,2022,3196.99,peat
Rice,6.22,84.88,134.88,25.3,47.83,34.53,1047.45,61.7,24.724093,87.706677,kharif,2020,2991.51,chalky
Cotton,7.33,40.06,55.64,14.63,37.35,23.3,402.37,63.9,24.303581,88.823094,kharif,2021,279.38,peat
Rice,5.49,93.23,101.39,28.05,40.39,22.16,1487.34,68.12,23.425118,78.689497,kharif,2020,2734.38,clay
Groundnut,6.19,32.82,17.76,16.46,25.77,22.3,389.59,58.69,21.102155,72.577013,rabi,2022,1435.6,loamy
Onion,8.38,46.23,53.12,20.13,57.04,29.95,330.41,68.83,31.668702,78.449241,rabi,2020,12348.45,sandy
Cotton,6.87,57.8,109.73,22.17,51.53,27.19,626.59,61.43,20.82141,75.077747,kharif,2022,465.79,clay
Sugarcane,6.17,79.72,245.86,53.94,149.88,27.71,1727.81,60.66,29.953763,77.016702,rabi,2022,76045.2,sandy
Wheat,5.65,32.33,107.04,17.71,37.24,11.42,373.18,58.09,29.804357,79.465273,rabi,2021,2747.52,silt
Tomato,8.03,47.21,73.46,30.78,104.53,19.58,308.57,39.82,14.161309,77.837274,zaid,2022,22134.83,sandy
Potato,6.57,44.05,56.03,41.72,131.15,19.76,338.83,60.18,25.262164,85.904865,zaid,2022,19476.02,silt
Potato,3.88,52.44,76.71,25.53,97.6,15.05,443.66,31.21,20.292932,86.46237,rabi,2021,19379.97,sandy
Groundnut,6.48,73.78,28.23,27.85,57.83,25.28,651.52,52.67,18.102561,73.630172,rabi,2023,1936.85,peat
Groundnut,6.84,43.46,26.69,20.27,49.32,22.8,640.13,75.99,20.419664,77.933736,kharif,2021,2149.8,loamy
Pigeon Pea,6.26,72.75,25.7,23.57,41.61,26.5,888.89,61.72,23.994635,80.66635,kharif,2022,1305.44,sandy
Potato,3.91,56.16,73.97,26.91,97.97,21.79,351.68,55.03,23.0307,89.793453,zaid,2020,14008.47,sandy
Sugarcane,6.22,76.67,269.42,57.85,131.69,20.8,1569.08,51.42,23.526014,86.589697,rabi,2022,74630.45,sandy
Cotton,5.96,54.81,97.72,21.66,74.55,29.25,656.62,66.14,28.37564,77.956251,kharif,2020,497.51,chalky
Chilli,6.36,74.45,109.65,33.06,109.35,27.98,513.79,76.8,28.557862,77.421995,kharif,2022,16820.26,chalky
Groundnut,6.07,87.47,24.0,21.3,47.0,29.4,611.35,52.75,10.818548,76.306345,rabi,2021,2198.4,chalky
Maize,4.91,43.05,114.93,22.28,47.48,20.37,366.21,41.53,13.560941,78.319119,zaid,2023,2240.6,peat
Onion,6.97,98.73,134.73,40.79,102.51,21.27,579.01,70.98,11.452055,77.213915,kharif,2021,22697.91,peat
Rice,4.9,47.03,65.94,12.28,22.72,30.2,772.74,36.54,14.840363,79.011945,year_round,2023,2351.72,sandy
Pigeon Pea,5.63,29.88,11.72,15.05,17.54,26.78,519.96,48.73,18.285674,74.290262,kharif,2020,741.06,silt
Wheat,7.25,44.45,154.31,38.76,55.24,19.65,653.9,52.85,21.27274,75.800277,rabi,2021,3338.42,sandy
Sugarcane,7.29,81.49,240.35,47.97,108.49,33.07,1417.88,78.55,18.869392,72.709245,zaid,2020,81116.16,sandy
Rice,4.88,43.91,63.69,10.67,35.88,16.81,863.56,42.07,23.205483,80.893515,kharif,2022,2112.59,silt
Soybean,6.13,79.63,21.63,35.14,64.05,24.86,821.63,72.12,13.401328,79.563248,kharif,2020,2280.8,loamy
Chilli,6.17,59.95,110.13,43.77,142.91,28.76,441.84,68.8,14.401848,76.206001,kharif,2023,15997.24,silt
Groundnut,6.58,88.45,21.19,22.45,42.0,22.03,648.84,60.28,20.458014,88.27663,rabi,2023,2093.06,loamy
Onion,6.68,97.74,138.17,34.77,85.83,13.92,419.16,64.85,24.647025,81.563895,rabi,2020,18849.62,sandy
Wheat,8.09,36.17,105.36,17.35,37.83,21.2,338.25,40.5,30.978415,74.285107,zaid,2023,2018.64,chalky
Tomato,6.5,85.77,174.07,45.22,172.07,18.2,544.93,51.07,14.363183,77.189375,zaid,2020,29316.7,peat
Tomato,6.3,68.28,166.15,47.88,163.77,21.77,401.61,72.76,24.90694,78.189276,zaid,2023,34197.67,silt
Sugarcane,7.48,51.1,170.92,24.4,55.54,32.5,722.19,48.85,25.09798,89.792252,rabi,2020,58489.49,chalky
Rice,5.47,46.79,76.07,15.7,31.01,21.31,886.78,66.93,20.976657,78.423938,kharif,2020,2333.54,chalky
Tomato,7.17,55.01,78.41,35.04,93.26,20.33,245.19,68.97,25.68591,86.843387,rabi,2021,15105.95,chalky
Onion,6.9,62.22,115.0,32.73,97.83,19.33,455.05,75.93,20.001444,80.638316,rabi,2020,19981.27,loamy
Potato,5.12,62.01,138.74,58.43,197.48,21.09,538.16,74.92,29.126215,79.045334,rabi,2020,22876.08,loamy
Cotton,6.99,60.11,98.9,26.98,60.84,24.0,501.45,59.03,22.764976,72.80987,kharif,2023,593.86,peat
Pigeon Pea,7.18,73.81,27.05,23.22,34.96,32.79,715.86,51.84,28.829251,79.635242,kharif,2021,1331.02,clay
Groundnut,7.38,75.83,29.92,22.87,53.95,27.33,666.44,61.14,30.821795,78.525207,kharif,2021,1945.45,chalky
Pigeon Pea,6.14,79.67,23.77,23.17,38.04,30.55,641.03,74.39,12.95512,77.390135,kharif,2023,1082.12,silt
Soybean,6.25,67.37,26.89,43.38,65.81,24.83,825.68,52.03,22.775499,79.229687,kharif,2020,2504.37,loamy
Sugarcane,7.44,73.06,299.55,54.61,111.38,26.22,1713.94,71.66,10.651642,76.459184,kharif,2022,64008.05,silt
Pigeon Pea,6.78,77.17,20.3,27.65,42.53,31.23,756.81,68.55,14.504185,78.873441,kharif,2023,1205.48,loamy
Cotton,6.21,45.76,68.73,14.16,34.34,38.87,363.51,36.9,30.115221,78.522821,kharif,2023,326.88,peat
Groundnut,5.5,32.37,16.35,15.22,23.71,36.38,326.65,51.28,28.199616,77.335228,kharif,2023,1014.52,loamy
Soybean,6.33,80.96,20.27,36.66,52.65,26.2,611.33,58.72,20.087771,81.155252,kharif,2021,2365.93,loamy
Wheat,7.28,51.99,121.91,31.14,56.85,17.32,699.49,66.89,22.575937,87.039425,rabi,2020,3269.64,sandy
Groundnut,5.9,29.5,12.01,13.73,34.37,35.65,343.7,62.34,22.190304,89.011107,kharif,2021,1370.64,loamy
Pigeon Pea,6.54,87.33,20.22,29.54,36.24,22.14,843.71,75.8,23.890544,86.449792,kharif,2021,1384.32,clay
Potato,5.25,84.42,122.9,69.81,151.81,22.31,748.35,70.36,20.649117,79.486417,zaid,2021,26423.87,sandy
Rice,7.12,94.49,101.02,26.04,45.54,24.25,1343.38,70.23,20.208795,77.864747,kharif,2022,2960.27,loamy
Tomato,6.06,84.97,134.23,48.52,163.83,20.38,500.65,77.79,21.797593,74.880313,rabi,2020,28447.68,clay
Groundnut,5.59,30.99,14.23,13.59,27.89,18.97,307.1,37.84,21.015486,85.542777,rabi,2022,1524.5,sandy
Cotton,6.47,99.59,89.04,28.47,57.71,21.54,532.07,56.74,24.856839,81.775019,kharif,2023,521.68,chalky
Potato,4.25,45.26,89.95,26.43,77.61,29.42,446.89,56.2,18.856709,72.404501,zaid,2023,13481.85,clay
Cotton,6.14,56.08,106.43,23.65,69.65,22.63,551.11,52.53,29.877129,76.08056,kharif,2022,579.36,clay
Onion,6.57,76.2,138.42,34.33,96.36,14.62,405.2,54.58,24.814163,85.500216,rabi,2021,23603.97,silt
Chilli,5.2,35.53,66.44,22.22,75.4,35.0,283.67,32.46,24.898151,89.259412,rabi,2020,10786.16,loamy
Groundnut,5.0,36.97,16.02,13.68,26.87,22.21,337.35,67.57,21.630612,87.006837,rabi,2020,1026.12,loamy
Tomato,6.84,65.63,127.29,44.3,122.23,27.17,491.89,52.33,25.273954,80.282778,zaid,2023,35401.26,peat
Tomato,6.41,77.02,162.91,49.74,145.52,26.72,479.05,60.0,21.179605,81.024822,kharif,2020,28319.68,silt
Maize,5.53,66.82,177.37,28.42,75.18,26.71,752.98,53.89,20.595373,80.873344,zaid,2020,4717.71,clay
Wheat,7.23,72.0,136.28,32.78,67.03,20.14,564.19,51.05,21.692405,73.460977,rabi,2021,3562.42,silt
Onion,6.28,84.95,108.06,36.39,85.24,18.47,506.23,54.39,23.500493,81.895068,rabi,2022,18577.5,clay
Wheat,6.36,50.26,143.91,30.29,69.31,15.44,663.42,73.22,10.113022,76.975371,rabi,2023,3310.2,clay
Groundnut,8.3,37.38,18.0,15.68,32.19,17.84,405.72,64.03,23.023574,88.402774,rabi,2020,1173.23,peat
Tomato,6.93,86.6,121.93,49.25,138.81,26.4,472.08,62.81,14.354163,76.023518,rabi,2020,30492.87,silt
Sugarcane,7.29,82.99,205.86,44.31,149.93,30.54,1309.6,68.3,19.88686,75.315588,zaid,2023,75671.77,chalky
Groundnut,6.0,62.51,26.08,23.62,55.05,27.29,601.77,69.52,31.855071,79.616882,kharif,2022,2308.82,loamy
Maize,6.31,77.8,200.64,32.92,73.87,21.42,607.27,68.75,28.410138,77.675557,zaid,2023,3713.05,silt
Rice,5.92,96.12,116.47,24.24,51.43,25.92,1490.57,72.77,20.089991,76.1277,kharif,2022,3596.41,silt
Wheat,7.18,81.21,170.13,32.44,71.36,20.2,707.56,62.58,18.416372,75.210717,rabi,2020,3999.48,sandy
Maize,6.13,91.11,208.39,34.18,77.24,24.75,889.32,56.52,25.347696,80.627193,kharif,2022,3820.85,peat
Potato,6.97,42.19,84.29,32.5,102.72,17.99,369.06,66.28,20.841941,79.111567,zaid,2023,14258.52,chalky
Chilli,5.87,42.87,87.04,20.47,64.53,28.48,265.28,63.48,13.6528,79.861833,zaid,2020,11748.73,loamy
Maize,4.86,42.95,102.62,16.14,38.47,29.53,482.13,37.94,22.854224,87.683116,zaid,2023,3079.59,sandy
